{
    "keyboard_name": "Pill60",
    "manufacturer": "IktaS",
    "url": "https://github.com/IktaS/Pill60",
    "maintainer": "IktaS <imamrafiiia@gmail.com>",
    "usb": {
        "vid": "0x4454",
        "pid": "0x5444",
        "device_version": "0.0.1"
    },
    "layouts": {
        "LAYOUT": {
            "layout": [
                {"label": "L CTRL","x": 0, "y": 1, "w": 1},
                {"label": "L GUI","x": 1.25, "y": 1, "w": 1},
                {"label": "L ALT","x": 2.5, "y": 1, "w": 1},
                {"label": "Space","x": 3.75, "y": 1, "w": 1},
                {"label": "R ALT","x": 10, "y": 1, "w": 1},
                {"label": "R GUI","x": 11.25, "y": 1, "w": 1},
                {"label": "FN","x": 12.5, "y": 1, "w": 1},
                {"label": "R CTRL","x": 13.75, "y": 1, "w": 1},
                {"label": "R CTRL","x": 13.75, "y": 1, "w": 1},
                {"label": "R CTRL","x": 13.75, "y": 1, "w": 1},
                {"label": "R CTRL","x": 13.75, "y": 1, "w": 1},
                {"label": "R CTRL","x": 13.75, "y": 1, "w": 1},
                {"label": "R CTRL","x": 13.75, "y": 1, "w": 1},
                {"label": "R CTRL","x": 13.75, "y": 1, "w": 1},

                {"label": "L CTRL","x": 0, "y": 2, "w": 1},
                {"label": "L GUI","x": 1.25, "y": 2, "w": 1},
                {"label": "L ALT","x": 2.5, "y": 2, "w": 1},
                {"label": "Space","x": 3.75, "y": 2, "w": 1},
                {"label": "R ALT","x": 10, "y": 2, "w": 1},
                {"label": "R GUI","x": 11.25, "y": 2, "w": 1},
                {"label": "FN","x": 12.5, "y": 2, "w": 1},
                {"label": "R CTRL","x": 13.75, "y": 2, "w": 1},
                {"label": "R CTRL","x": 13.75, "y": 2, "w": 1},
                {"label": "R CTRL","x": 13.75, "y": 2, "w": 1},
                {"label": "R CTRL","x": 13.75, "y": 2, "w": 1},
                {"label": "R CTRL","x": 13.75, "y": 2, "w": 1},
                {"label": "R CTRL","x": 13.75, "y": 2, "w": 1},
                {"label": "R CTRL","x": 13.75, "y": 2, "w": 1},

                {"label": "L CTRL","x": 0, "y": 3, "w": 1},
                {"label": "L GUI","x": 1.25, "y": 3, "w": 1},
                {"label": "L ALT","x": 2.5, "y": 3, "w": 1},
                {"label": "Space","x": 3.75, "y": 3, "w": 1},
                {"label": "R ALT","x": 10, "y": 3, "w": 1},
                {"label": "R GUI","x": 11.25, "y": 3, "w": 1},
                {"label": "FN","x": 12.5, "y": 3, "w": 1},
                {"label": "R CTRL","x": 13.75, "y": 3, "w": 1},
                {"label": "R CTRL","x": 13.75, "y": 3, "w": 1},
                {"label": "R CTRL","x": 13.75, "y": 3, "w": 1},
                {"label": "R CTRL","x": 13.75, "y": 3, "w": 1},
                {"label": "R CTRL","x": 13.75, "y": 3, "w": 1},
                {"label": "R CTRL","x": 13.75, "y": 3, "w": 1},
                {"label": "R CTRL","x": 13.75, "y": 3, "w": 1},

                {"label": "L CTRL","x": 0, "y": 4, "w": 1},
                {"label": "L GUI","x": 1.25, "y": 4, "w": 1},
                {"label": "L ALT","x": 2.5, "y": 4, "w": 1},
                {"label": "Space","x": 3.75, "y": 4, "w": 1},
                {"label": "R ALT","x": 10, "y": 4, "w": 1},
                {"label": "R GUI","x": 11.25, "y": 4, "w": 1},
                {"label": "FN","x": 12.5, "y": 4, "w": 1},
                {"label": "R CTRL","x": 13.75, "y": 4, "w": 1},
                {"label": "R CTRL","x": 13.75, "y": 4, "w": 1},
                {"label": "R CTRL","x": 13.75, "y": 4, "w": 1},
                {"label": "R CTRL","x": 13.75, "y": 4, "w": 1},
                {"label": "R CTRL","x": 13.75, "y": 4, "w": 1},
                {"label": "R CTRL","x": 13.75, "y": 4, "w": 1},
                {"label": "R CTRL","x": 13.75, "y": 4, "w": 1},

                {"label": "L CTRL","x": 0, "y": 5, "w": 1},
                {"label": "L GUI","x": 1.25, "y": 5, "w": 1},
                {"label": "L ALT","x": 2.5, "y": 5, "w": 1},
                {"label": "Space","x": 3.75, "y": 5, "w": 1},
                {"label": "R ALT","x": 10, "y": 5, "w": 1},
                {"label": "R GUI","x": 11.25, "y": 5, "w": 1},
                {"label": "FN","x": 12.5, "y": 5, "w": 1},
                {"label": "R CTRL","x": 13.75, "y": 5, "w": 1},
                {"label": "R CTRL","x": 13.75, "y": 5, "w": 1},
                {"label": "R CTRL","x": 13.75, "y": 5, "w": 1},
                {"label": "R CTRL","x": 13.75, "y": 5, "w": 1},
                {"label": "R CTRL","x": 13.75, "y": 5, "w": 1},
		{"label": "R CTRL","x": 13.75, "y": 5, "w": 1},
                {"label": "R CTRL","x": 13.75, "y": 5, "w": 1},

            ]
        }
    }
}
